{"stat.chestOpened":3,"stat.useItem.minecraft.bow":4,"stat.killEntity.techguns.PsychoSteve":1,"stat.leaveGame":6,"stat.pickup.techguns.sawedoff":1,"stat.jump":943,"stat.swimOneCm":9515,"stat.pickup.minecraft.coal":1,"stat.climbOneCm":296,"stat.pickup.minecraft.iron_ingot":2,"stat.killEntity.techguns.ZombieSoldier":26,"stat.pickup.minecraft.gunpowder":3,"stat.pickup.minecraft.dirt":4,"stat.pickup.minecraft.red_mushroom":1,"stat.killEntity.techguns.Bandit":20,"stat.pickup.minecraft.leather":9,"stat.killEntity.techguns.ZombieMiner":146,"stat.killEntity.Enderman":7,"stat.pickup.minecraft.cobblestone":1,"stat.flyOneCm":1618926,"stat.killEntity.Witch":6,"stat.killEntity.techguns.ZombieFarmer":98,"stat.damageDealt":1523,"stat.pickup.minecraft.redstone":5,"stat.timeSinceDeath":115267,"stat.killEntity.Cow":86,"stat.killEntity.Pig":41,"stat.killEntity.techguns.SkeletonSoldier":27,"stat.pickup.minecraft.double_plant":1,"stat.pickup.techguns.itemshared":1,"stat.walkOneCm":337203,"stat.furnaceInteraction":1,"stat.killEntity.Wolf":3,"stat.killEntity.Creeper":53,"stat.pickup.minecraft.beef":24,"stat.killEntity.Squid":18,"stat.sprintOneCm":86133,"stat.killEntity.Skeleton":58,"stat.killEntity.Horse":16,"stat.killEntity.Chicken":36,"stat.killEntity.Spider":15,"stat.mobKills":777,"stat.pickup.minecraft.egg":3,"stat.playOneMinute":115267,"stat.killEntity.Sheep":76,"stat.sneakTime":435,"stat.killEntity.Zombie":41,"stat.diveOneCm":2483}